Country,Mfg Value Added % GDP 2019,Mfg Value Added % GDP 2020,Mfg Value Added % GDP 2021,Mfg Value Added % GDP 2022,Mfg Value Added % GDP 2023,Mfg Value Added % GDP 2024
Germany,19.309469422833363,18.527495711040014,18.57261958428608,18.321773504219944,18.940253264159306,18.006708293196766
Sweden,13.18465713223969,12.655143625738226,12.89922403354892,13.686213930746,13.394138905424825,13.004316877390243
United States,11.05803677456509,10.629064716845786,10.71037080731408,,,
